IP Address,City,Country,Organization Name
172.217.10.230,,US,AS15169 Google LLC
172.217.10.243,,US,AS15169 Google LLC
172.217.10.243,,US,AS15169 Google LLC
151.101.21.164,New York,US,AS54113 Fastly
23.32.145.164,,US,"AS16625 Akamai Technologies, Inc."
208.89.12.91,,US,"AS11054 LivePerson, Inc."
172.217.10.66,,US,AS15169 Google LLC
104.244.42.131,,US,AS13414 Twitter Inc.
151.101.20.133,New York,US,AS54113 Fastly
23.211.100.174,,US,"AS16625 Akamai Technologies, Inc."
23.36.84.211,,US,"AS16625 Akamai Technologies, Inc."
151.101.21.164,New York,US,AS54113 Fastly
172.217.6.226,,US,AS15169 Google LLC
54.196.201.215,Beaumont,US,"AS14618 Amazon.com, Inc."
34.206.130.32,Beaumont,US,"AS14618 Amazon.com, Inc."
31.13.80.12,,IE,"AS32934 Facebook, Inc."
54.208.104.35,Beaumont,US,"AS14618 Amazon.com, Inc."
151.101.20.84,New York,US,AS54113 Fastly
31.13.80.2,,IE,"AS32934 Facebook, Inc."
3.209.36.249,Beaumont,US,"AS14618 Amazon.com, Inc."
192.30.253.112,San Francisco,US,"AS36459 GitHub, Inc."
185.199.108.154,Hoover,US,AS54113 Fastly
172.217.10.66,,US,AS15169 Google LLC
52.205.57.13,Beaumont,US,"AS14618 Amazon.com, Inc."
208.89.12.90,,US,"AS11054 LivePerson, Inc."
208.89.12.153,,US,"AS11054 LivePerson, Inc."
151.101.21.164,New York,US,AS54113 Fastly
172.217.10.66,,US,AS15169 Google LLC
108.174.10.14,,US,AS14413 LinkedIn Corporation
151.101.20.133,New York,US,AS54113 Fastly
23.5.131.30,,US,"AS16625 Akamai Technologies, Inc."
69.147.82.61,,US,AS14779 Inktomi Corporation
99.84.127.128,Seattle,US,"AS16509 Amazon.com, Inc."
23.211.101.5,,US,"AS16625 Akamai Technologies, Inc."
98.139.225.35,,US,AS26101 Yahoo!
104.110.144.239,,US,"AS16625 Akamai Technologies, Inc."
104.244.46.48,,US,AS13414 Twitter Inc.
151.101.21.164,New York,US,AS54113 Fastly
63.148.46.76,,US,AS53316 CHEETAHMAIL
104.244.42.133,,US,AS13414 Twitter Inc.
23.196.99.204,,US,"AS16625 Akamai Technologies, Inc."
104.110.144.239,,US,"AS16625 Akamai Technologies, Inc."
172.217.10.129,,US,AS15169 Google LLC
35.186.226.184,Mountain View,US,AS15169 Google LLC
208.89.12.87,,US,"AS11054 LivePerson, Inc."
31.13.80.36,,IE,"AS32934 Facebook, Inc."
172.217.12.142,,US,AS15169 Google LLC
172.217.6.228,,US,AS15169 Google LLC
172.217.6.226,,US,AS15169 Google LLC
172.217.9.232,,US,AS15169 Google LLC
151.101.21.164,New York,US,AS54113 Fastly
